term,df,sumsq,meansq,statistic,p.value,trait
user_status,1,18.255867113841337,18.255867113841337,18.47466182682819,1.8101476193420692e-5,Nscore
user_status,1,4.721598746777206,4.721598746777206,4.7538854492344305,0.02935625007031464,Escore
user_status,1,175.15031961926874,175.15031961926874,194.867937963821,3.3097322743763295e-42,Oscore
user_status,1,39.42945362205818,39.42945362205818,40.525264755792364,2.4344473505075346e-10,Ascore
user_status,1,107.43566250036001,107.43566250036001,114.40860982712,5.849662326519342e-26,Cscore
