term,df,sumsq,meansq,statistic,p.value,trait
user_status,1,15.44810343098916,15.44810343098916,15.609579673238866,8.07443075705059e-5,Nscore
user_status,1,2.0603279427409125,2.0603279427409125,2.0714548519813656,0.1502453024697538,Escore
user_status,1,50.13916165741238,50.13916165741238,51.92949984400491,8.302051274761057e-13,Oscore
user_status,1,23.52351741105284,23.52351741105284,23.968187302714018,1.0633634224011154e-6,Ascore
user_status,1,46.06610469181119,46.06610469181119,47.40285834915865,7.858173131120804e-12,Cscore
