term,df,sumsq,meansq,statistic,p.value,trait
user_status,1,20.29861126329945,20.29861126329945,20.56457302261607,6.13021635215505e-6,Nscore
user_status,1,3.3474274572944114,3.3474274572944114,3.3678309986120674,0.06663963375532628,Escore
user_status,1,105.16747666394187,105.16747666394187,112.33926212397373,1.5650210673515537e-25,Oscore
user_status,1,30.74235200806466,30.74235200806466,31.446907505394574,2.3545965823771503e-8,Ascore
user_status,1,78.47994226861259,78.47994226861259,82.2206925818166,2.9865449957723263e-19,Cscore
