trait,correlation,p_value
Nscore,0.13265842194156527,8.046221740878724e-9
Escore,-0.043162472200432164,0.06160706556859649
Oscore,0.22273595502013185,1.6101335441951364e-22
Ascore,-0.1504190766415892,5.830525070146316e-11
Cscore,-0.23919076995662153,8.107419666952715e-26
