trait,correlation,p_value
Nscore,0.1273268977855409,3.1346076496649576e-8
Escore,-0.02030035542216012,0.3795259634678003
Oscore,0.19320798230030714,3.1069867628205056e-17
Ascore,-0.11225560182191521,1.0920677610856568e-6
Cscore,-0.2327256930386886,1.719198705883673e-24
