trait,correlation,p_value
Nscore,0.09465103159284642,4.0241061878122014e-5
Escore,-0.016211059733404153,0.4828508295496743
Oscore,0.4124723350267934,5.750835292304535e-78
Ascore,-0.14969217894076947,7.220036437000669e-11
Cscore,-0.27556689742562906,4.839810937048615e-34
